CountryCode,Amount,Value,PricingStrategy,logistic_regression_probability,gradient_boosting_probability
251,1500,3,1,0.0016484051865350074,8.345967829230617e-05
44,200,1,2,0.11382806566709983,8.345967829230617e-05
1,500,2,1,0.3698679838206354,8.345967829230617e-05
2,-100,1,1,0.3644092663328431,8.345967829230617e-05
